<?xml version="1.0" encoding="UTF-8"?>
<project-private xmlns="http://www.netbeans.org/ns/project-private/1">
    <editor-bookmarks xmlns="http://www.netbeans.org/ns/editor-bookmarks/2" lastBookmarkId="0"/>
    <open-files xmlns="http://www.netbeans.org/ns/projectui-open-files/2">
        <group>
            <file>file:/E:/SCHOOL/SMK%20WIKRAMA%20BOGOR/PBO/BookingGor/src/bookinggor/transaksi.java</file>
            <file>file:/E:/SCHOOL/SMK%20WIKRAMA%20BOGOR/PBO/BookingGor/src/bookinggor/bayar.java</file>
            <file>file:/E:/SCHOOL/SMK%20WIKRAMA%20BOGOR/PBO/BookingGor/src/bookinggor/form_booking.java</file>
            <file>file:/E:/SCHOOL/SMK%20WIKRAMA%20BOGOR/PBO/BookingGor/src/bookinggor/struk_bayar.java</file>
            <file>file:/E:/SCHOOL/SMK%20WIKRAMA%20BOGOR/PBO/BookingGor/src/bookinggor/menu_utama.java</file>
            <file>file:/E:/SCHOOL/SMK%20WIKRAMA%20BOGOR/PBO/BookingGor/src/bookinggor/gradient1.java</file>
            <file>file:/E:/SCHOOL/SMK%20WIKRAMA%20BOGOR/PBO/BookingGor/src/koneksi/koneksi.java</file>
            <file>file:/E:/SCHOOL/SMK%20WIKRAMA%20BOGOR/PBO/BookingGor/src/bookinggor/login.java</file>
            <file>file:/E:/SCHOOL/SMK%20WIKRAMA%20BOGOR/PBO/BookingGor/src/NewJFrame.java</file>
            <file>file:/E:/SCHOOL/SMK%20WIKRAMA%20BOGOR/PBO/BookingGor/src/bookinggor/BookingGor.java</file>
            <file>file:/E:/SCHOOL/SMK%20WIKRAMA%20BOGOR/PBO/BookingGor/src/bookinggor/daftar.java</file>
            <file>file:/E:/SCHOOL/SMK%20WIKRAMA%20BOGOR/PBO/BookingGor/src/java/awt/color.java</file>
        </group>
    </open-files>
</project-private>
